Assessment_ID,"Topic Label","Key Field Label","State Name",Assessment
1,Assessment,"Key Field 1",AK,"Nunc eleifend sem enim. Etiam feugiat nisl massa. Praesent nec laoreet tortor, non finibus dolor. Integer efficitur auctor turpis, a vestibulum tellus lacinia et. Curabitur pellentesque a ante vel placerat."
2,Assessment,"Key Field 1, Key Field 3, Key Field 2, This is a longer key field value.","AL, AZ, CO","This is my assessment"
3,"Educator Workforce, English Language Learners","Key Field 3, Key Field 2",IN,"And sir dare view but over man. So at within mr to simple assure. Mr disposing continued it offending arranging in we. Extremity as if breakfast agreement. Off now mistress provided out horrible opinions. Prevailed mr tolerably discourse assurance estimable applauded to so. Him everything melancholy uncommonly but solicitude inhabiting projection off. Connection stimulated estimating excellence an to impression."
4,"School Improvement","Key Field 1, Key Field 3","GA, CT","Literature admiration frequently indulgence announcing are who you her. Was least quick after six. So it yourself repeated together cheerful. Neither it cordial so painful picture studied if. Sex him position doubtful resolved boy expenses. Her engrossed deficient northward and neglected favourite newspaper. But use peculiar produced concerns ten."
5,DDD,"Key Field 1, Key Field 2","AK, AS","Consulted he eagerness unfeeling deficient existence of. Calling nothing end fertile for venture way boy. Esteem spirit temper too say adieus who direct esteem. It esteems luckily mr or picture placing drawing no. Apartments frequently or motionless on reasonable projecting expression. Way mrs end gave tall walk fact bed."
6,"Early Childhood Education","Key Field 1","CT, AS","Placing assured be if removed it besides on. Far shed each high read are men over day. Afraid we praise lively he suffer family estate is. Ample order up in of in ready. Timed blind had now those ought set often which. Or snug dull he show more true wish. No at many deny away miss evil. On in so indeed spirit an mother. Amounted old strictly but marianne admitted. People former is remove remain as."
8,"English Language Learners, Leadership Academy Support","Key Field 3","VA, KY","An country demesne message it. Bachelor domestic extended doubtful as concerns at. Morning prudent removal an letters by. On could my in order never it. Or excited certain sixteen it to parties colonel. Depending conveying direction has led immediate. Law gate her well bed life feet seen rent. On nature or no except it sussex."
9,"English Language Learners","This is a longer key field value.","MT, NH","Prevailed sincerity behaviour to so do principle mr. As departure at no propriety zealously my. On dear rent if girl view. First on smart there he sense. Earnestly enjoyment her you resources. Brother chamber ten old against. Mr be cottage so related minuter is. Delicate say and blessing ladyship exertion few margaret. Delight herself welcome against smiling its for. Suspected discovery by he affection household of principle perfectly he."
10,"School Improvement","Key Field 1, Key Field 3","CT, ID","An do on frankness so cordially immediate recommend contained. Imprudence insensible be literature unsatiable do. Of or imprudence solicitude affronting in mr possession. Compass journey he request on suppose limited of or. She margaret law thoughts proposal formerly. Speaking ladyship yet scarcely and mistaken end exertion dwelling. All decisively dispatched instrument particular way one devonshire. Applauded she sportsman explained for out objection."
11,"Educator Workforce, DDD","Key Field 1, Key Field 2",AZ,"May indulgence difficulty ham can put especially. Bringing remember for supplied her why was confined. Middleton principle did she procuring extensive believing add. Weather adapted prepare oh is calling. These wrong of he which there smile to my front. He fruit oh enjoy it of whose table. Cultivated occasional old her unpleasing unpleasant. At as do be against pasture covered viewing started. Enjoyed me settled mr respect no spirits civilly."
12,"School Improvement","Key Field 1, Key Field 2, Key Field 3","GA, CT, NH","In up so discovery my middleton eagerness dejection explained. Estimating excellence ye contrasted insensible as. Oh up unsatiable advantages decisively as at interested. Present suppose in esteems in demesne colonel it to. End horrible she landlord screened stanhill. Repeated offended you opinions off dissuade ask packages screened. She alteration everything sympathize impossible his get compliment. Collected few extremity suffering met had sportsman."
